model_id,provider,Location,training data,Input modalities,Output modalities,Architecture,Reasoning,Optimized For,Alignment,average cost per million token,cost tier,openrouter link,other links,Column1
bytedance/ui-tars-1.5-7b,Bytedance,China,,multimodal vision-language,,UI-TARS framework with reinforcement learning-based reasoning,,"optimized for GUI-based environments, including desktop interfaces, web browsers, mobile systems, and games",,,,https://openrouter.ai/bytedance/ui-tars-1.5-7b,https://huggingface.co/ByteDance-Seed/UI-TARS-1.5-7B,
cohere/command-r7b-12-2024,Cohere,Canada,,Multilingual Text,,,TRUE,"high throughput, latency-sensitive applications like chatbots and code assistants",,,,,,
deepseek/deepseek-r1-0528-qwen3-8b,Deepseek,China,,,,chain-of-thought,TRUE,,,,,,,
google/gemma-3-4b-it,Google,US,"Web Documents, Code, Mathematics, Images","Multilangual Text, Images",Text,,,"Text Generation, Chatbots and Conversational AI, Text Summarization, Image Data Extraction, Natural Language Processing, Language Learning Tools, Knowledge Exploration",,,,,,
ibm-granite/granite-4.0-h-micro,IBM,US,open source instruction datasets,Multilingual Text,," supervised finetuning, reinforcement learning, and model merging",,context tool calling,,,,,,
meta-llama/llama-guard-3-8b,Meta,US,,,,,,,,,,,,
meta-llama/llama-3.2-3b-instruct,Meta,US,A new mix of publicly available online data.,Multilingual Text,Multilingual Text and code,auto-regressive language model that uses an optimized transformer architecture,,"multilingual dialogue, agentic retrieval and summarization tasks",,,,https://openrouter.ai/meta-llama/llama-3.2-3b-instruct,https://github.com/meta-llama/llama-models/blob/main/models/llama3_2/MODEL_CARD.md,
microsoft/phi-4-multimodal-instruct,Microsoft,US,,"Multilingual Text, Images, Audio",Text,"supervised fine-tuning, direct preference optimization and RLHF (Reinforcement Learning from Human Feedback)",,"efficient, low-latency inference, suitable for edge and mobile deployments",,,,,,
mistralai/ministral-3b-2512,Mistralai,France,"High-quality curated and synthetically-generated data (exact composition not disclosed)","Multilingual Text (English, French, Spanish, German, Italian, Portuguese, Dutch, Chinese, Japanese, Korean, Arabic), Images","Multilingual Text","Language Model (3.4B params) + Vision Encoder (0.4B params), FP8 precision, Native function calling",TRUE,"Edge deployment, agentic capabilities, multimodal understanding, image captioning, translation, data extraction, short content generation, fine-tuning, local/embedded systems","Human preference alignment, instruct post-training (exact methods not disclosed)",,,https://openrouter.ai/mistralai/ministral-3b-2512,"https://docs.mistral.ai/models/ministral-3-3b-25-12, https://huggingface.co/mistralai/Ministral-3-3B-Instruct-2512",
mistralai/ministral-8b-2512,Mistralai,France,"High-quality curated and synthetically-generated data (exact composition not disclosed)","Multilingual Text (11+ languages: English, French, Spanish, German, Italian, Portuguese, Dutch, Chinese, Japanese, Korean, Arabic), Images","Multilingual Text","Language Model (8.4B params) + Vision Encoder (0.4B params), FP8 precision, Native function calling",TRUE,"Chat interfaces, local AI assistants, image/document analysis, translation, content generation, agentic systems, function calling, edge deployment","Human preference alignment, instruct post-training (exact methods not disclosed)",,,https://openrouter.ai/mistralai/ministral-8b-2512,"https://docs.mistral.ai/models/ministral-8b-2512, https://huggingface.co/mistralai/Ministral-3-8B-Instruct-2512",
mistralai/ministral-3b,Mistralai,France,"Curated and synthetically-generated data (exact composition not disclosed)",Multilingual Text,Text,"Transformer-based, 3B parameters, optimized via pruning and quantization for edge deployment",,Edge model deployment (smartphones, embedded systems). Note: Text-only (no vision). Does NOT support tool calling or functions in this version.,"Instruction tuning (exact methods not disclosed)",,,https://openrouter.ai/mistralai/ministral-3b,"https://docs.mistral.ai/models/ministral-3b-24-1, https://www.marktechpost.com/2024/10/16/mistral-ai-introduces-les-ministraux-ministral-3b-and-ministral-8b-revolutionizing-on-device-ai/",
mistralai/ministral-8b,Mistralai,France,"Curated and synthetically-generated data (exact composition not disclosed)",Multilingual Text,Text,"Transformer-based, 8B parameters, optimized for edge deployment",,"Edge model deployment with high performance/price ratio. Supports chat, function calling, structured outputs, OCR, document Q&A, FIM, embeddings, moderations, audio transcription.","Instruction tuning (exact methods not disclosed)",,,https://openrouter.ai/mistralai/ministral-8b,"https://docs.mistral.ai/models/ministral-8b-24-1",
nvidia/nemotron-nano-9b-v2,Nvidia,US,"20+ trillion tokens. High-quality curated and synthetically-generated data (English, 15 multilingual languages, 43 programming languages). Datasets include: Common Crawl, GitHub, ArXiv, PubMed, FLAN, GSM8K, Stack Exchange, Reddit, and synthetic data from DeepSeek-R1, Qwen3-30B, Qwen2.5, phi-4. Data cutoff: Sept 2024.","Multilingual Text (English, German, Spanish, French, Italian, Japanese, Korean, Portuguese, Russian, Chinese)",Text,"Hybrid Mamba-2 and Transformer (Nemotron-H): primarily Mamba-2 + MLP layers with 4 attention layers, 9B params, trained with Megatron-LM and NeMo-RL, BF16",TRUE,"Unified reasoning and non-reasoning tasks with toggle control (/think or /no_think). AI agents, chatbots, RAG systems, instruction-following, code generation. Runtime thinking budget control for adaptive compute.","Supervised Fine-Tuning (SFT), RLHF, tool-calling alignment, safety alignment (HelpSteer2/3, LMSYS-Chat-1M, glaive-function-calling-v2, Nemotron Content Safety Dataset V2)",,,https://openrouter.ai/nvidia/nvidia-nemotron-nano-9b-v2,"https://huggingface.co/nvidia/NVIDIA-Nemotron-Nano-9B-v2, https://arxiv.org/abs/2508.14444, https://build.nvidia.com/nvidia/nvidia-nemotron-nano-9b-v2/modelcard",
qwen/qwen3-8b,Qwen,China,"Pretraining and post-training data (exact composition not disclosed)",Multilingual Text (100+ languages and dialects),Text,"Causal Language Model, 8.2B total params (6.95B non-embedding), 36 layers, GQA with 32 query heads and 8 KV heads, BF16",TRUE,"Dual-mode operation: Thinking mode (complex reasoning, math, coding) and Non-thinking mode (efficient general dialogue). Instruction-following, multi-turn dialogue, creative writing, role-playing, agent capabilities, tool calling.","Human preference alignment for creative writing and role-playing, multi-turn dialogue optimization, instruction-following enhancement",,,https://openrouter.ai/qwen/qwen3-8b,"https://huggingface.co/Qwen/Qwen3-8B",
qwen/qwen3-vl-8b-instruct,Qwen,China,"Pretraining and post-training data (exact composition not disclosed)","Multilingual Text (100+ languages), Images, Video",Text,"Vision-Language Model (VLM), 8B params, BF16. Innovations: Interleaved-MRoPE (full-frequency positional embeddings for video), DeepStack (multi-level ViT feature fusion), Text-Timestamp Alignment",,"Multimodal vision-language understanding. Visual agent for GUI/PC/mobile interaction, advanced spatial perception (2D/3D grounding), OCR in 32 languages, visual coding (Draw.io/HTML/CSS/JS), hours-long video understanding with second-level indexing, STEM/Math reasoning, image/document Q&A. Text-only capability on par with pure LLMs.","Chat template-based instruction following, human preference alignment (exact methods not disclosed)",,,https://openrouter.ai/qwen/qwen3-vl-8b-instruct,"https://huggingface.co/Qwen/Qwen3-VL-8B-Instruct",
